Email,Page Title,Searching Keywords,Google Page Rank,Website,
"212-505-0295 dental@cosmeticdentistryny.com","Cosmetic, Restorative And General Dentistry NYC | Kate Brayman DDS","﻿Dentist in New York City","21","https://www.cosmeticdentistryny.com"
"park56dental@aol.com","Best Dentist of NYC - Park 56 Dental","﻿Dentist in New York City","24","https://www.park56dental.com"
"info@madisondentalarts.com","Dentist in NYC - Midtown East | Madison Dental Arts","﻿Dentist in New York City","25","https://www.madisondentalarts.com"
"info@midtowndentalexcellence.com","Dentist Midtown Manhattan | Midtown Dental Excellence | Manhattan NY","﻿Dentist in New York City","30","https://www.midtowndentalexcellence.com"
"mail@nycdentist.com","NYC Dentist | The Center for Special Dentistry in New York","﻿Dentist in New York City","31","https://www.nycdentist.com"
"info@65broadwaydental.com","65 Broadway Dental | Complete Dental Care","﻿Dentist in New York City","34","https://www.65broadwaydental.com"
"info@dgdentalandcosmetic.com","DG Dental and Cosmetic Dentistry | New York, New York","﻿Dentist in New York City","36","http://www.dgdentalandcosmetic.com"
"info@citykidsdentist.com","Pediatric Dentist New York, NY - Children's Dental Clinic","﻿Dentist in New York City","37","https://www.citykidsdentist.com"
"recruiting@harlemunited.org","Dentist Jobs in New York, NY | Glassdoor","﻿Dentist in New York City","38","https://www.glassdoor.com"
"cw362@columbia.edu","Chaim Wexler DDS - Home - New York, NY - Excellent Service, Highest Quality - dentist Washington Heights NYC","﻿Dentist in New York City","39","http://www.uniquedentistry.com"
"belladentalnyc@yahoo.com","Bella Dental NYC – Dental New York City","﻿Dentist in New York City","44","http://www.belladentalnyc.com"
"info@yourdomain.com","New York City Dentist - Dr. Alexander J. Antonakos DDS - Home","﻿Dentist in New York City","46","http://newyorkcosmeticdental.com"
"info@drjedbest.com","Pediatric Dentist New York, NY | Children | Jed M. Best, DDS, MS and Jerry Ashrafi, DMD, MA","﻿Dentist in New York City","49","https://www.drjedbest.com"
"office@drsboyd.com","Midtown East Dentist | Preventive Dentistry | Drs. Boyd","﻿Dentist in New York City","50","https://www.drsboyd.com"
"dentaloffice71@gmail.com","Dentist in New York, NY | Professional Dental & Implant Center","﻿Dentist in New York City","58","https://www.royzmandental.com"
"nicholem24@yahoo.com","General Dentist Midtown East | Dental Practice | Dr. Aaronson & Associates","﻿Dentist in New York City","62","https://www.aaronsondds.com"
"citydentalgroup@yahoo.com","home - New York, NY - City Dental PC","﻿Dentist in New York City","67","https://www.citydentalpc.com"
"happyteeth@drerubin.com","Dr. Esther Rubin: Holistic Dentistry and New York Dentist","﻿Dentist in New York City","68","http://www.holisticdentistrynyc.com"
"info@expertise.com","21 Best New York City Dentists | Expertise","﻿Dentist in New York City","73","https://www.expertise.com"
"DentalPassionLLC@gmail.com","Dentist Upper West Side NYC | Dr. Robert Shick | New York City Dentist | Family Dentist New York City Upper West Side | Upper West Side Cosmetic Dentist | 164 West 96th Street New York NY 10025 | (212) 749-0600","﻿Dentist in New York City","75","http://www.dentalpassion.com"
"info@dentistryforhealthny.com","Holistic Dentistry | Dentistry for Health in New York City","﻿Dentist in New York City","82","https://www.dentistryforhealthny.com"
"welcome@smiledesignmanhattan.com","Smile Design Manhattan &#124; Manhattan Dentist","﻿Dentist in New York City","87","http://www.smiledesignmanhattan.com"
"info@dynamicsmiledesign.com","Cosmetic & Restorative Dentistry Orlando | Dynamic Smile Design","Dentist in Orlando","22","https://www.dynamicsmiledesign.com"
"koula.sheridan@bayhillfamilydental.com","Orlando's Cosmetic & Family Dental Practice - Bay Hill Family Dental","Dentist in Orlando","23","https://www.bayhillfamilydental.com"
"cfd6900@lovableteeth.com","Cosmetic And Family Dentistry – Welcome","Dentist in Orlando","33","https://www.lovableteeth.com"
"office@elitedentistry.com","Dentist Orlando | Elite Dentistry","Dentist in Orlando","35","https://www.elitedentistry.com"
"info@usatopdentists.com","Orlando&#039;s Top Dentists of 2016 - Orlando, FL","Dentist in Orlando","37","http://www.orlandomagazine.com"
"ask@mobiledentaler.com","Mobile Dental ERMobile Dental ER","Dentist in Orlando","53","http://mobiledentaler.com"
"info@dentila.com","General Dentist in Orlando | Dentila | Family and Cosmetic Dentistry","Dentist in Orlando","56","https://www.therightsmilefl.com"
"info@sandlakedental.com","General Dentist Orlando | Sand Lake Dental | Preventive Dentistry Checkups & Teeth Cleanings","Dentist in Orlando","58","https://www.sandlakedental.com"
"andoverdental@yahoo.com","Andover Dental - Dennis Rothschild, DDSHome","Dentist in Orlando","60","http://www.andoverdental.com"
"office@nonasmiles.com","Orlando Dentists, Lake Nona Dentist, Cosmetic and Implant Dentist","Dentist in Orlando","61","http://www.nonasmiles.com"
"gregreddishoffice@yahoo.com","Wadeview Park Dentist | Orlando Cosmetic Dentist | Gregory Reddish, DMD, PA","Dentist in Orlando","67","http://www.reddishdental.com"
"pdcorlandojobs@gmail.com","Home | The New Pediatric Dental Care of Greater Orlando - Orlando Pediatric Dentist","Dentist in Orlando","70","https://pediatricdentalcareorlando.com"
"lancasterdental@hotmail.com","Lancaster Dental","Dentist in Orlando","73","http://lancasterdental.net"
"fivestardentalorlando@gmail.com","Five Star Dental - Home","Dentist in Orlando","77","http://www.fivestardentalorlando.com"
"officethomasdhunterdds@gmail.com","Orlando Dentist | Thomas D. Hunter, DDS | General Dentistry Orlando","Dentist in Orlando","78","http://www.thomasdhunterdds.com"
"hello@lakeeoladental.com","Orlando Florida Dentist | Lake Eola Dental | Family and Cosmetic Dentistry","Dentist in Orlando","85","https://lakeeoladental.com"
"sharonhamilton@dsgo.org","Dental Society of Greater Orlando","Dentist in Orlando","90","https://dsgo.org"
"office@marygdds.com","Dentist Orlando, FL &#124; Mary Gharagozloo DDS &#124; Dr. Mary","Dentist in Orlando","93","https://www.marygdds.com"
"admin@smile101.com","Family Dentistry & Dental Specialists Group, Dr. Batta, Dr. Borrero","Dentist in Orlando","94","http://www.smile101.com"
"info.magnoliadental@gmail.com","Magnolia Dental &#124; Dentist Orlando &#124; Spanish & Vietnamese Speaking Dental Office &#124; Braces, Cosmetic Dentistry, Dentures, Emergency Dental, Implants, Family & Pediatric Dentistry &#124; East Orlando, Waterford Lakes, Avalon Park","Dentist in Orlando","96","https://www.magnoliadentalfl.com"
